text,prompt,prediction
for suddenly the sweet bells overcame,"Text:for suddenly the sweet bells overcame
Solution Structure: 1. Think about and explain the emotional tone of the text 2. Think about and explain the context of the text 3. Based on tone and context, classify the text into one of the four categories: 0 (negative), 1 (positive), 2 (no_impact), 3 (mixed)",1
with sharp turns weaving,"Text:with sharp turns weaving
Solution Structure: 1. Think about and explain the emotional tone of the text 2. Think about and explain the context of the text 3. Based on tone and context, classify the text into one of the four categories: 0 (negative), 1 (positive), 2 (no_impact), 3 (mixed)",1
"these often bathed she in her fluxive eyes,","Text:these often bathed she in her fluxive eyes,
Solution Structure: 1. Think about and explain the emotional tone of the text 2. Think about and explain the context of the text 3. Based on tone and context, classify the text into one of the four categories: 0 (negative), 1 (positive), 2 (no_impact), 3 (mixed)",1
nothin' to du but watch my shadder's trace,"Text:nothin' to du but watch my shadder's trace
Solution Structure: 1. Think about and explain the emotional tone of the text 2. Think about and explain the context of the text 3. Based on tone and context, classify the text into one of the four categories: 0 (negative), 1 (positive), 2 (no_impact), 3 (mixed)",1
"precisely, at all events, what he ought not,","Text:precisely, at all events, what he ought not,
Solution Structure: 1. Think about and explain the emotional tone of the text 2. Think about and explain the context of the text 3. Based on tone and context, classify the text into one of the four categories: 0 (negative), 1 (positive), 2 (no_impact), 3 (mixed)",1
"all hastening onward, yet none seemed to know","Text:all hastening onward, yet none seemed to know
Solution Structure: 1. Think about and explain the emotional tone of the text 2. Think about and explain the context of the text 3. Based on tone and context, classify the text into one of the four categories: 0 (negative), 1 (positive), 2 (no_impact), 3 (mixed)",1
she sought for flowers,"Text:she sought for flowers
Solution Structure: 1. Think about and explain the emotional tone of the text 2. Think about and explain the context of the text 3. Based on tone and context, classify the text into one of the four categories: 0 (negative), 1 (positive), 2 (no_impact), 3 (mixed)",1
points beyond the midnight hour.,"Text:points beyond the midnight hour.
Solution Structure: 1. Think about and explain the emotional tone of the text 2. Think about and explain the context of the text 3. Based on tone and context, classify the text into one of the four categories: 0 (negative), 1 (positive), 2 (no_impact), 3 (mixed)",1
"that i an accessary needs must be,","Text:that i an accessary needs must be,
Solution Structure: 1. Think about and explain the emotional tone of the text 2. Think about and explain the context of the text 3. Based on tone and context, classify the text into one of the four categories: 0 (negative), 1 (positive), 2 (no_impact), 3 (mixed)",1
"the sower scatters broad his seed,","Text:the sower scatters broad his seed,
Solution Structure: 1. Think about and explain the emotional tone of the text 2. Think about and explain the context of the text 3. Based on tone and context, classify the text into one of the four categories: 0 (negative), 1 (positive), 2 (no_impact), 3 (mixed)",1
"swifter far than happy night,","Text:swifter far than happy night,
Solution Structure: 1. Think about and explain the emotional tone of the text 2. Think about and explain the context of the text 3. Based on tone and context, classify the text into one of the four categories: 0 (negative), 1 (positive), 2 (no_impact), 3 (mixed)",1
whose anvil's even din,"Text:whose anvil's even din
Solution Structure: 1. Think about and explain the emotional tone of the text 2. Think about and explain the context of the text 3. Based on tone and context, classify the text into one of the four categories: 0 (negative), 1 (positive), 2 (no_impact), 3 (mixed)",1
how heavy it seemed! as heavy as a stone;,"Text:how heavy it seemed! as heavy as a stone;
Solution Structure: 1. Think about and explain the emotional tone of the text 2. Think about and explain the context of the text 3. Based on tone and context, classify the text into one of the four categories: 0 (negative), 1 (positive), 2 (no_impact), 3 (mixed)",1
"i see them mix'd with george's sons,","Text:i see them mix'd with george's sons,
Solution Structure: 1. Think about and explain the emotional tone of the text 2. Think about and explain the context of the text 3. Based on tone and context, classify the text into one of the four categories: 0 (negative), 1 (positive), 2 (no_impact), 3 (mixed)",3
that little barley-cake you keep from him,"Text:that little barley-cake you keep from him
Solution Structure: 1. Think about and explain the emotional tone of the text 2. Think about and explain the context of the text 3. Based on tone and context, classify the text into one of the four categories: 0 (negative), 1 (positive), 2 (no_impact), 3 (mixed)",1
"breathe deep, and start, to see him pass the door.","Text:breathe deep, and start, to see him pass the door.
Solution Structure: 1. Think about and explain the emotional tone of the text 2. Think about and explain the context of the text 3. Based on tone and context, classify the text into one of the four categories: 0 (negative), 1 (positive), 2 (no_impact), 3 (mixed)",1
"may meditate a whole youth's loss,","Text:may meditate a whole youth's loss,
Solution Structure: 1. Think about and explain the emotional tone of the text 2. Think about and explain the context of the text 3. Based on tone and context, classify the text into one of the four categories: 0 (negative), 1 (positive), 2 (no_impact), 3 (mixed)",1
"thy outward thus with outward praise is crowned,","Text:thy outward thus with outward praise is crowned,
Solution Structure: 1. Think about and explain the emotional tone of the text 2. Think about and explain the context of the text 3. Based on tone and context, classify the text into one of the four categories: 0 (negative), 1 (positive), 2 (no_impact), 3 (mixed)",1
"where the moloch of slavery sitteth on high,","Text:where the moloch of slavery sitteth on high,
Solution Structure: 1. Think about and explain the emotional tone of the text 2. Think about and explain the context of the text 3. Based on tone and context, classify the text into one of the four categories: 0 (negative), 1 (positive), 2 (no_impact), 3 (mixed)",1
"and hoping chink, she talked of morts of luck:","Text:and hoping chink, she talked of morts of luck:
Solution Structure: 1. Think about and explain the emotional tone of the text 2. Think about and explain the context of the text 3. Based on tone and context, classify the text into one of the four categories: 0 (negative), 1 (positive), 2 (no_impact), 3 (mixed)",1
"take the warm welcome of new friends with thee,","Text:take the warm welcome of new friends with thee,
Solution Structure: 1. Think about and explain the emotional tone of the text 2. Think about and explain the context of the text 3. Based on tone and context, classify the text into one of the four categories: 0 (negative), 1 (positive), 2 (no_impact), 3 (mixed)",1
"pulled by mules dat run like rabbits, each one tryin' to git ahead.","Text:pulled by mules dat run like rabbits, each one tryin' to git ahead.
Solution Structure: 1. Think about and explain the emotional tone of the text 2. Think about and explain the context of the text 3. Based on tone and context, classify the text into one of the four categories: 0 (negative), 1 (positive), 2 (no_impact), 3 (mixed)",1
"and all their echoes, mourn;","Text:and all their echoes, mourn;
Solution Structure: 1. Think about and explain the emotional tone of the text 2. Think about and explain the context of the text 3. Based on tone and context, classify the text into one of the four categories: 0 (negative), 1 (positive), 2 (no_impact), 3 (mixed)",1
"rais’d on the seas, the surges to control—","Text:rais’d on the seas, the surges to control—
Solution Structure: 1. Think about and explain the emotional tone of the text 2. Think about and explain the context of the text 3. Based on tone and context, classify the text into one of the four categories: 0 (negative), 1 (positive), 2 (no_impact), 3 (mixed)",1
in just the dress his century wore;,"Text:in just the dress his century wore;
Solution Structure: 1. Think about and explain the emotional tone of the text 2. Think about and explain the context of the text 3. Based on tone and context, classify the text into one of the four categories: 0 (negative), 1 (positive), 2 (no_impact), 3 (mixed)",1
"she falls back from the freedom she had hoped.""","Text:she falls back from the freedom she had hoped.""
Solution Structure: 1. Think about and explain the emotional tone of the text 2. Think about and explain the context of the text 3. Based on tone and context, classify the text into one of the four categories: 0 (negative), 1 (positive), 2 (no_impact), 3 (mixed)",1
"of blooming myrtle and faint lemon-flowers,","Text:of blooming myrtle and faint lemon-flowers,
Solution Structure: 1. Think about and explain the emotional tone of the text 2. Think about and explain the context of the text 3. Based on tone and context, classify the text into one of the four categories: 0 (negative), 1 (positive), 2 (no_impact), 3 (mixed)",1
"good ringers, pull your best,"" quoth he.","Text:good ringers, pull your best,"" quoth he.
Solution Structure: 1. Think about and explain the emotional tone of the text 2. Think about and explain the context of the text 3. Based on tone and context, classify the text into one of the four categories: 0 (negative), 1 (positive), 2 (no_impact), 3 (mixed)",1
"on winter afternoons,","Text:on winter afternoons,
Solution Structure: 1. Think about and explain the emotional tone of the text 2. Think about and explain the context of the text 3. Based on tone and context, classify the text into one of the four categories: 0 (negative), 1 (positive), 2 (no_impact), 3 (mixed)",1
"appeared to me,--may i again behold it!","Text:appeared to me,--may i again behold it!
Solution Structure: 1. Think about and explain the emotional tone of the text 2. Think about and explain the context of the text 3. Based on tone and context, classify the text into one of the four categories: 0 (negative), 1 (positive), 2 (no_impact), 3 (mixed)",1
"but she guesses he is near,","Text:but she guesses he is near,
Solution Structure: 1. Think about and explain the emotional tone of the text 2. Think about and explain the context of the text 3. Based on tone and context, classify the text into one of the four categories: 0 (negative), 1 (positive), 2 (no_impact), 3 (mixed)",1
"her visions and those we have seen,--","Text:her visions and those we have seen,--
Solution Structure: 1. Think about and explain the emotional tone of the text 2. Think about and explain the context of the text 3. Based on tone and context, classify the text into one of the four categories: 0 (negative), 1 (positive), 2 (no_impact), 3 (mixed)",1
above the myriad roofs and spires rise;,"Text:above the myriad roofs and spires rise;
Solution Structure: 1. Think about and explain the emotional tone of the text 2. Think about and explain the context of the text 3. Based on tone and context, classify the text into one of the four categories: 0 (negative), 1 (positive), 2 (no_impact), 3 (mixed)",1
"i would don my hose of homespun gray,","Text:i would don my hose of homespun gray,
Solution Structure: 1. Think about and explain the emotional tone of the text 2. Think about and explain the context of the text 3. Based on tone and context, classify the text into one of the four categories: 0 (negative), 1 (positive), 2 (no_impact), 3 (mixed)",1
down in the west upon the ocean floor,"Text:down in the west upon the ocean floor
Solution Structure: 1. Think about and explain the emotional tone of the text 2. Think about and explain the context of the text 3. Based on tone and context, classify the text into one of the four categories: 0 (negative), 1 (positive), 2 (no_impact), 3 (mixed)",1
"a orn'ment o' saciety, in my approprut spear:","Text:a orn'ment o' saciety, in my approprut spear:
Solution Structure: 1. Think about and explain the emotional tone of the text 2. Think about and explain the context of the text 3. Based on tone and context, classify the text into one of the four categories: 0 (negative), 1 (positive), 2 (no_impact), 3 (mixed)",1
"from god's design, with threads of rain!","Text:from god's design, with threads of rain!
Solution Structure: 1. Think about and explain the emotional tone of the text 2. Think about and explain the context of the text 3. Based on tone and context, classify the text into one of the four categories: 0 (negative), 1 (positive), 2 (no_impact), 3 (mixed)",1
"their heads, distilling gore, his chariot grace.","Text:their heads, distilling gore, his chariot grace.
Solution Structure: 1. Think about and explain the emotional tone of the text 2. Think about and explain the context of the text 3. Based on tone and context, classify the text into one of the four categories: 0 (negative), 1 (positive), 2 (no_impact), 3 (mixed)",1
"the herded wolves, bold only to pursue;","Text:the herded wolves, bold only to pursue;
Solution Structure: 1. Think about and explain the emotional tone of the text 2. Think about and explain the context of the text 3. Based on tone and context, classify the text into one of the four categories: 0 (negative), 1 (positive), 2 (no_impact), 3 (mixed)",1
to hide the orb of truth--and every throne,"Text:to hide the orb of truth--and every throne
Solution Structure: 1. Think about and explain the emotional tone of the text 2. Think about and explain the context of the text 3. Based on tone and context, classify the text into one of the four categories: 0 (negative), 1 (positive), 2 (no_impact), 3 (mixed)",1
"he scarce had ended, when those two approachd","Text:he scarce had ended, when those two approachd
Solution Structure: 1. Think about and explain the emotional tone of the text 2. Think about and explain the context of the text 3. Based on tone and context, classify the text into one of the four categories: 0 (negative), 1 (positive), 2 (no_impact), 3 (mixed)",1
"from the pulpit read the preacher, ""goodman garvin and his wife","Text:from the pulpit read the preacher, ""goodman garvin and his wife
Solution Structure: 1. Think about and explain the emotional tone of the text 2. Think about and explain the context of the text 3. Based on tone and context, classify the text into one of the four categories: 0 (negative), 1 (positive), 2 (no_impact), 3 (mixed)",1
it's a pretty early start.,"Text:it's a pretty early start.
Solution Structure: 1. Think about and explain the emotional tone of the text 2. Think about and explain the context of the text 3. Based on tone and context, classify the text into one of the four categories: 0 (negative), 1 (positive), 2 (no_impact), 3 (mixed)",1
"is this a time to be cloudy and sad,","Text:is this a time to be cloudy and sad,
Solution Structure: 1. Think about and explain the emotional tone of the text 2. Think about and explain the context of the text 3. Based on tone and context, classify the text into one of the four categories: 0 (negative), 1 (positive), 2 (no_impact), 3 (mixed)",1
a million torches lighted by thy hand,"Text:a million torches lighted by thy hand
Solution Structure: 1. Think about and explain the emotional tone of the text 2. Think about and explain the context of the text 3. Based on tone and context, classify the text into one of the four categories: 0 (negative), 1 (positive), 2 (no_impact), 3 (mixed)",1
faint voices lifted shrill with pain,"Text:faint voices lifted shrill with pain
Solution Structure: 1. Think about and explain the emotional tone of the text 2. Think about and explain the context of the text 3. Based on tone and context, classify the text into one of the four categories: 0 (negative), 1 (positive), 2 (no_impact), 3 (mixed)",negative
"they were wet, and glistened with raindrops, shed","Text:they were wet, and glistened with raindrops, shed
Solution Structure: 1. Think about and explain the emotional tone of the text 2. Think about and explain the context of the text 3. Based on tone and context, classify the text into one of the four categories: 0 (negative), 1 (positive), 2 (no_impact), 3 (mixed)",1
"with his thoughts then, as rhyme to rhyme.","Text:with his thoughts then, as rhyme to rhyme.
Solution Structure: 1. Think about and explain the emotional tone of the text 2. Think about and explain the context of the text 3. Based on tone and context, classify the text into one of the four categories: 0 (negative), 1 (positive), 2 (no_impact), 3 (mixed)",1
"shall yet be glad for him, and he shall bless","Text:shall yet be glad for him, and he shall bless
Solution Structure: 1. Think about and explain the emotional tone of the text 2. Think about and explain the context of the text 3. Based on tone and context, classify the text into one of the four categories: 0 (negative), 1 (positive), 2 (no_impact), 3 (mixed)",1
"and, waking, find it vision,--none the less","Text:and, waking, find it vision,--none the less
Solution Structure: 1. Think about and explain the emotional tone of the text 2. Think about and explain the context of the text 3. Based on tone and context, classify the text into one of the four categories: 0 (negative), 1 (positive), 2 (no_impact), 3 (mixed)",1
and catered for it as the cretan bees,"Text:and catered for it as the cretan bees
Solution Structure: 1. Think about and explain the emotional tone of the text 2. Think about and explain the context of the text 3. Based on tone and context, classify the text into one of the four categories: 0 (negative), 1 (positive), 2 (no_impact), 3 (mixed)",1
"a wagon, overarched with evergreen,","Text:a wagon, overarched with evergreen,
Solution Structure: 1. Think about and explain the emotional tone of the text 2. Think about and explain the context of the text 3. Based on tone and context, classify the text into one of the four categories: 0 (negative), 1 (positive), 2 (no_impact), 3 (mixed)",1
i sate down beneath the beech,"Text:i sate down beneath the beech
Solution Structure: 1. Think about and explain the emotional tone of the text 2. Think about and explain the context of the text 3. Based on tone and context, classify the text into one of the four categories: 0 (negative), 1 (positive), 2 (no_impact), 3 (mixed)",1
"""rubadub! rubadub! wake and take the road again,","Text:""rubadub! rubadub! wake and take the road again,
Solution Structure: 1. Think about and explain the emotional tone of the text 2. Think about and explain the context of the text 3. Based on tone and context, classify the text into one of the four categories: 0 (negative), 1 (positive), 2 (no_impact), 3 (mixed)",1
like morning glory,"Text:like morning glory
Solution Structure: 1. Think about and explain the emotional tone of the text 2. Think about and explain the context of the text 3. Based on tone and context, classify the text into one of the four categories: 0 (negative), 1 (positive), 2 (no_impact), 3 (mixed)",1
"skins of otter, lynx, and ermine,","Text:skins of otter, lynx, and ermine,
Solution Structure: 1. Think about and explain the emotional tone of the text 2. Think about and explain the context of the text 3. Based on tone and context, classify the text into one of the four categories: 0 (negative), 1 (positive), 2 (no_impact), 3 (mixed)",1
look down the shining peaks of all my days,"Text:look down the shining peaks of all my days
Solution Structure: 1. Think about and explain the emotional tone of the text 2. Think about and explain the context of the text 3. Based on tone and context, classify the text into one of the four categories: 0 (negative), 1 (positive), 2 (no_impact), 3 (mixed)",1
"unclasped the rusty belt beneath,","Text:unclasped the rusty belt beneath,
Solution Structure: 1. Think about and explain the emotional tone of the text 2. Think about and explain the context of the text 3. Based on tone and context, classify the text into one of the four categories: 0 (negative), 1 (positive), 2 (no_impact), 3 (mixed)",1
"the fear of angels, awful though they be,","Text:the fear of angels, awful though they be,
Solution Structure: 1. Think about and explain the emotional tone of the text 2. Think about and explain the context of the text 3. Based on tone and context, classify the text into one of the four categories: 0 (negative), 1 (positive), 2 (no_impact), 3 (mixed)",1
"as george commands, let him be wrong or right,","Text:as george commands, let him be wrong or right,
Solution Structure: 1. Think about and explain the emotional tone of the text 2. Think about and explain the context of the text 3. Based on tone and context, classify the text into one of the four categories: 0 (negative), 1 (positive), 2 (no_impact), 3 (mixed)",1
skirting the stream.,"Text:skirting the stream.
Solution Structure: 1. Think about and explain the emotional tone of the text 2. Think about and explain the context of the text 3. Based on tone and context, classify the text into one of the four categories: 0 (negative), 1 (positive), 2 (no_impact), 3 (mixed)",1
is writ in moods and frowns and wrinkles strange.,"Text:is writ in moods and frowns and wrinkles strange.
Solution Structure: 1. Think about and explain the emotional tone of the text 2. Think about and explain the context of the text 3. Based on tone and context, classify the text into one of the four categories: 0 (negative), 1 (positive), 2 (no_impact), 3 (mixed)",1
shine knightly star and plume of snow?,"Text:shine knightly star and plume of snow?
Solution Structure: 1. Think about and explain the emotional tone of the text 2. Think about and explain the context of the text 3. Based on tone and context, classify the text into one of the four categories: 0 (negative), 1 (positive), 2 (no_impact), 3 (mixed)",1
‘received that cheque.’ but you!... i send you funds,"Text:‘received that cheque.’ but you!... i send you funds
Solution Structure: 1. Think about and explain the emotional tone of the text 2. Think about and explain the context of the text 3. Based on tone and context, classify the text into one of the four categories: 0 (negative), 1 (positive), 2 (no_impact), 3 (mixed)",1
"who, never looking forward, are indeed","Text:who, never looking forward, are indeed
Solution Structure: 1. Think about and explain the emotional tone of the text 2. Think about and explain the context of the text 3. Based on tone and context, classify the text into one of the four categories: 0 (negative), 1 (positive), 2 (no_impact), 3 (mixed)",negative
his sweeter voice a just accordance kept.,"Text:his sweeter voice a just accordance kept.
Solution Structure: 1. Think about and explain the emotional tone of the text 2. Think about and explain the context of the text 3. Based on tone and context, classify the text into one of the four categories: 0 (negative), 1 (positive), 2 (no_impact), 3 (mixed)",1
the wood giant,"Text:the wood giant
Solution Structure: 1. Think about and explain the emotional tone of the text 2. Think about and explain the context of the text 3. Based on tone and context, classify the text into one of the four categories: 0 (negative), 1 (positive), 2 (no_impact), 3 (mixed)",1
and lips where heavenly smiles would hang and blend,"Text:and lips where heavenly smiles would hang and blend
Solution Structure: 1. Think about and explain the emotional tone of the text 2. Think about and explain the context of the text 3. Based on tone and context, classify the text into one of the four categories: 0 (negative), 1 (positive), 2 (no_impact), 3 (mixed)",1
"and changing like a poet's rhymes,","Text:and changing like a poet's rhymes,
Solution Structure: 1. Think about and explain the emotional tone of the text 2. Think about and explain the context of the text 3. Based on tone and context, classify the text into one of the four categories: 0 (negative), 1 (positive), 2 (no_impact), 3 (mixed)",1
should favour equal to the sons of heaven:,"Text:should favour equal to the sons of heaven:
Solution Structure: 1. Think about and explain the emotional tone of the text 2. Think about and explain the context of the text 3. Based on tone and context, classify the text into one of the four categories: 0 (negative), 1 (positive), 2 (no_impact), 3 (mixed)",1
"let dat cradle swing,","Text:let dat cradle swing,
Solution Structure: 1. Think about and explain the emotional tone of the text 2. Think about and explain the context of the text 3. Based on tone and context, classify the text into one of the four categories: 0 (negative), 1 (positive), 2 (no_impact), 3 (mixed)",1
"of his faint steed; the latter, as he stretch’d","Text:of his faint steed; the latter, as he stretch’d
Solution Structure: 1. Think about and explain the emotional tone of the text 2. Think about and explain the context of the text 3. Based on tone and context, classify the text into one of the four categories: 0 (negative), 1 (positive), 2 (no_impact), 3 (mixed)",1
"so there on an eve is sigurd in the ancient niblung hall,","Text:so there on an eve is sigurd in the ancient niblung hall,
Solution Structure: 1. Think about and explain the emotional tone of the text 2. Think about and explain the context of the text 3. Based on tone and context, classify the text into one of the four categories: 0 (negative), 1 (positive), 2 (no_impact), 3 (mixed)",1
"the mad briareus of disunion rise,","Text:the mad briareus of disunion rise,
Solution Structure: 1. Think about and explain the emotional tone of the text 2. Think about and explain the context of the text 3. Based on tone and context, classify the text into one of the four categories: 0 (negative), 1 (positive), 2 (no_impact), 3 (mixed)",1
"to water, cloudlike on the bush afar,","Text:to water, cloudlike on the bush afar,
Solution Structure: 1. Think about and explain the emotional tone of the text 2. Think about and explain the context of the text 3. Based on tone and context, classify the text into one of the four categories: 0 (negative), 1 (positive), 2 (no_impact), 3 (mixed)",1
"""play uppe, play uppe, o boston bells!","Text:""play uppe, play uppe, o boston bells!
Solution Structure: 1. Think about and explain the emotional tone of the text 2. Think about and explain the context of the text 3. Based on tone and context, classify the text into one of the four categories: 0 (negative), 1 (positive), 2 (no_impact), 3 (mixed)",1
"when i peruse the conquered fame of heroes, and the victories of mighty generals, i do not envy the generals,","Text:when i peruse the conquered fame of heroes, and the victories of mighty generals, i do not envy the generals,
Solution Structure: 1. Think about and explain the emotional tone of the text 2. Think about and explain the context of the text 3. Based on tone and context, classify the text into one of the four categories: 0 (negative), 1 (positive), 2 (no_impact), 3 (mixed)",1
those cobweb nerves he could not dull within.,"Text:those cobweb nerves he could not dull within.
Solution Structure: 1. Think about and explain the emotional tone of the text 2. Think about and explain the context of the text 3. Based on tone and context, classify the text into one of the four categories: 0 (negative), 1 (positive), 2 (no_impact), 3 (mixed)",1
"i see little and large sea-dots, some inhabited, some uninhabited;","Text:i see little and large sea-dots, some inhabited, some uninhabited;
Solution Structure: 1. Think about and explain the emotional tone of the text 2. Think about and explain the context of the text 3. Based on tone and context, classify the text into one of the four categories: 0 (negative), 1 (positive), 2 (no_impact), 3 (mixed)",1
"soon ez she gits out o' sight,","Text:soon ez she gits out o' sight,
Solution Structure: 1. Think about and explain the emotional tone of the text 2. Think about and explain the context of the text 3. Based on tone and context, classify the text into one of the four categories: 0 (negative), 1 (positive), 2 (no_impact), 3 (mixed)",1
me up like that.  'essence de la valliere'--,"Text:me up like that.  'essence de la valliere'--
Solution Structure: 1. Think about and explain the emotional tone of the text 2. Think about and explain the context of the text 3. Based on tone and context, classify the text into one of the four categories: 0 (negative), 1 (positive), 2 (no_impact), 3 (mixed)",1
"shall part, yet link, thy nature's tone and mine.","Text:shall part, yet link, thy nature's tone and mine.
Solution Structure: 1. Think about and explain the emotional tone of the text 2. Think about and explain the context of the text 3. Based on tone and context, classify the text into one of the four categories: 0 (negative), 1 (positive), 2 (no_impact), 3 (mixed)",1
"then this old orchard, sloping to the west;","Text:then this old orchard, sloping to the west;
Solution Structure: 1. Think about and explain the emotional tone of the text 2. Think about and explain the context of the text 3. Based on tone and context, classify the text into one of the four categories: 0 (negative), 1 (positive), 2 (no_impact), 3 (mixed)",1
and to the tender heart and brave,"Text:and to the tender heart and brave
Solution Structure: 1. Think about and explain the emotional tone of the text 2. Think about and explain the context of the text 3. Based on tone and context, classify the text into one of the four categories: 0 (negative), 1 (positive), 2 (no_impact), 3 (mixed)",1
"seed-field of simpler manners, braver truth,","Text:seed-field of simpler manners, braver truth,
Solution Structure: 1. Think about and explain the emotional tone of the text 2. Think about and explain the context of the text 3. Based on tone and context, classify the text into one of the four categories: 0 (negative), 1 (positive), 2 (no_impact), 3 (mixed)",1
with war unhop’d the latians to surprise?,"Text:with war unhop’d the latians to surprise?
Solution Structure: 1. Think about and explain the emotional tone of the text 2. Think about and explain the context of the text 3. Based on tone and context, classify the text into one of the four categories: 0 (negative), 1 (positive), 2 (no_impact), 3 (mixed)",1
godminster chimes,"Text:godminster chimes
Solution Structure: 1. Think about and explain the emotional tone of the text 2. Think about and explain the context of the text 3. Based on tone and context, classify the text into one of the four categories: 0 (negative), 1 (positive), 2 (no_impact), 3 (mixed)",1
"said my companion, 'i will show you soon","Text:said my companion, 'i will show you soon
Solution Structure: 1. Think about and explain the emotional tone of the text 2. Think about and explain the context of the text 3. Based on tone and context, classify the text into one of the four categories: 0 (negative), 1 (positive), 2 (no_impact), 3 (mixed)",1
were murmuring on the stifling air,"Text:were murmuring on the stifling air
Solution Structure: 1. Think about and explain the emotional tone of the text 2. Think about and explain the context of the text 3. Based on tone and context, classify the text into one of the four categories: 0 (negative), 1 (positive), 2 (no_impact), 3 (mixed)",negative
"the love that lived through all the stormy past,","Text:the love that lived through all the stormy past,
Solution Structure: 1. Think about and explain the emotional tone of the text 2. Think about and explain the context of the text 3. Based on tone and context, classify the text into one of the four categories: 0 (negative), 1 (positive), 2 (no_impact), 3 (mixed)",1
the wheat-blade whispers of the sheaf.,"Text:the wheat-blade whispers of the sheaf.
Solution Structure: 1. Think about and explain the emotional tone of the text 2. Think about and explain the context of the text 3. Based on tone and context, classify the text into one of the four categories: 0 (negative), 1 (positive), 2 (no_impact), 3 (mixed)",1
all foredoomed to melt away;,"Text:all foredoomed to melt away;
Solution Structure: 1. Think about and explain the emotional tone of the text 2. Think about and explain the context of the text 3. Based on tone and context, classify the text into one of the four categories: 0 (negative), 1 (positive), 2 (no_impact), 3 (mixed)",negative
"flood his black hearthstone till its flames expire,","Text:flood his black hearthstone till its flames expire,
Solution Structure: 1. Think about and explain the emotional tone of the text 2. Think about and explain the context of the text 3. Based on tone and context, classify the text into one of the four categories: 0 (negative), 1 (positive), 2 (no_impact), 3 (mixed)",1
"like your nest,","Text:like your nest,
Solution Structure: 1. Think about and explain the emotional tone of the text 2. Think about and explain the context of the text 3. Based on tone and context, classify the text into one of the four categories: 0 (negative), 1 (positive), 2 (no_impact), 3 (mixed)",1
thy sleep makes ridiculous.,"Text:thy sleep makes ridiculous.
Solution Structure: 1. Think about and explain the emotional tone of the text 2. Think about and explain the context of the text 3. Based on tone and context, classify the text into one of the four categories: 0 (negative), 1 (positive), 2 (no_impact), 3 (mixed)",1
"two mighty cities shone, and ever","Text:two mighty cities shone, and ever
Solution Structure: 1. Think about and explain the emotional tone of the text 2. Think about and explain the context of the text 3. Based on tone and context, classify the text into one of the four categories: 0 (negative), 1 (positive), 2 (no_impact), 3 (mixed)",1
"blindness like that would scare the mole and bat,","Text:blindness like that would scare the mole and bat,
Solution Structure: 1. Think about and explain the emotional tone of the text 2. Think about and explain the context of the text 3. Based on tone and context, classify the text into one of the four categories: 0 (negative), 1 (positive), 2 (no_impact), 3 (mixed)",negative
"sooner, augustine, sooner far, shall i","Text:sooner, augustine, sooner far, shall i
Solution Structure: 1. Think about and explain the emotional tone of the text 2. Think about and explain the context of the text 3. Based on tone and context, classify the text into one of the four categories: 0 (negative), 1 (positive), 2 (no_impact), 3 (mixed)",1
"that moved in the beginning o'er his face,","Text:that moved in the beginning o'er his face,
Solution Structure: 1. Think about and explain the emotional tone of the text 2. Think about and explain the context of the text 3. Based on tone and context, classify the text into one of the four categories: 0 (negative), 1 (positive), 2 (no_impact), 3 (mixed)",1
tis that one told us it was life. 'for not,"Text:tis that one told us it was life. 'for not
Solution Structure: 1. Think about and explain the emotional tone of the text 2. Think about and explain the context of the text 3. Based on tone and context, classify the text into one of the four categories: 0 (negative), 1 (positive), 2 (no_impact), 3 (mixed)",1
"which overflows in notes of liquid gladness,","Text:which overflows in notes of liquid gladness,
Solution Structure: 1. Think about and explain the emotional tone of the text 2. Think about and explain the context of the text 3. Based on tone and context, classify the text into one of the four categories: 0 (negative), 1 (positive), 2 (no_impact), 3 (mixed)",1
feel the pulses of the brave,"Text:feel the pulses of the brave
Solution Structure: 1. Think about and explain the emotional tone of the text 2. Think about and explain the context of the text 3. Based on tone and context, classify the text into one of the four categories: 0 (negative), 1 (positive), 2 (no_impact), 3 (mixed)",1
"then thro’ his breast his fatal sword he sent,","Text:then thro’ his breast his fatal sword he sent,
Solution Structure: 1. Think about and explain the emotional tone of the text 2. Think about and explain the context of the text 3. Based on tone and context, classify the text into one of the four categories: 0 (negative), 1 (positive), 2 (no_impact), 3 (mixed)",1
"false-faces hung on strings,","Text:false-faces hung on strings,
Solution Structure: 1. Think about and explain the emotional tone of the text 2. Think about and explain the context of the text 3. Based on tone and context, classify the text into one of the four categories: 0 (negative), 1 (positive), 2 (no_impact), 3 (mixed)",negative
when hills are free from snow,"Text:when hills are free from snow
Solution Structure: 1. Think about and explain the emotional tone of the text 2. Think about and explain the context of the text 3. Based on tone and context, classify the text into one of the four categories: 0 (negative), 1 (positive), 2 (no_impact), 3 (mixed)",1
"you turn, o jeanne, on our mystery","Text:you turn, o jeanne, on our mystery
Solution Structure: 1. Think about and explain the emotional tone of the text 2. Think about and explain the context of the text 3. Based on tone and context, classify the text into one of the four categories: 0 (negative), 1 (positive), 2 (no_impact), 3 (mixed)",1
"with the earls of the goths about her: so queenly did she seem,","Text:with the earls of the goths about her: so queenly did she seem,
Solution Structure: 1. Think about and explain the emotional tone of the text 2. Think about and explain the context of the text 3. Based on tone and context, classify the text into one of the four categories: 0 (negative), 1 (positive), 2 (no_impact), 3 (mixed)",1
if men are always at a loss,"Text:if men are always at a loss
Solution Structure: 1. Think about and explain the emotional tone of the text 2. Think about and explain the context of the text 3. Based on tone and context, classify the text into one of the four categories: 0 (negative), 1 (positive), 2 (no_impact), 3 (mixed)",1
"the crown of sorrow on their heads, their loss","Text:the crown of sorrow on their heads, their loss
Solution Structure: 1. Think about and explain the emotional tone of the text 2. Think about and explain the context of the text 3. Based on tone and context, classify the text into one of the four categories: 0 (negative), 1 (positive), 2 (no_impact), 3 (mixed)",negative
most beauteous isadore!,"Text:most beauteous isadore!
Solution Structure: 1. Think about and explain the emotional tone of the text 2. Think about and explain the context of the text 3. Based on tone and context, classify the text into one of the four categories: 0 (negative), 1 (positive), 2 (no_impact), 3 (mixed)",1
"will seek the half unjeweled tide,","Text:will seek the half unjeweled tide,
Solution Structure: 1. Think about and explain the emotional tone of the text 2. Think about and explain the context of the text 3. Based on tone and context, classify the text into one of the four categories: 0 (negative), 1 (positive), 2 (no_impact), 3 (mixed)",1
"a thousand rubs had flattened down each little cherub's nose,","Text:a thousand rubs had flattened down each little cherub's nose,
Solution Structure: 1. Think about and explain the emotional tone of the text 2. Think about and explain the context of the text 3. Based on tone and context, classify the text into one of the four categories: 0 (negative), 1 (positive), 2 (no_impact), 3 (mixed)",1
"dey kin talk from hyeah to yandah,","Text:dey kin talk from hyeah to yandah,
Solution Structure: 1. Think about and explain the emotional tone of the text 2. Think about and explain the context of the text 3. Based on tone and context, classify the text into one of the four categories: 0 (negative), 1 (positive), 2 (no_impact), 3 (mixed)",1
"overleaning, with flickering meaning and sign,","Text:overleaning, with flickering meaning and sign,
Solution Structure: 1. Think about and explain the emotional tone of the text 2. Think about and explain the context of the text 3. Based on tone and context, classify the text into one of the four categories: 0 (negative), 1 (positive), 2 (no_impact), 3 (mixed)",1
who fishes in the frog-pond still?,"Text:who fishes in the frog-pond still?
Solution Structure: 1. Think about and explain the emotional tone of the text 2. Think about and explain the context of the text 3. Based on tone and context, classify the text into one of the four categories: 0 (negative), 1 (positive), 2 (no_impact), 3 (mixed)",1
and murmured a strange and solemn air;,"Text:and murmured a strange and solemn air;
Solution Structure: 1. Think about and explain the emotional tone of the text 2. Think about and explain the context of the text 3. Based on tone and context, classify the text into one of the four categories: 0 (negative), 1 (positive), 2 (no_impact), 3 (mixed)",1
"in our embraces we again enfold her,","Text:in our embraces we again enfold her,
Solution Structure: 1. Think about and explain the emotional tone of the text 2. Think about and explain the context of the text 3. Based on tone and context, classify the text into one of the four categories: 0 (negative), 1 (positive), 2 (no_impact), 3 (mixed)",1
but god said,"Text:but god said
Solution Structure: 1. Think about and explain the emotional tone of the text 2. Think about and explain the context of the text 3. Based on tone and context, classify the text into one of the four categories: 0 (negative), 1 (positive), 2 (no_impact), 3 (mixed)",1
"the present is enough, for common souls,","Text:the present is enough, for common souls,
Solution Structure: 1. Think about and explain the emotional tone of the text 2. Think about and explain the context of the text 3. Based on tone and context, classify the text into one of the four categories: 0 (negative), 1 (positive), 2 (no_impact), 3 (mixed)",1
"shall dwindle, shall blend,","Text:shall dwindle, shall blend,
Solution Structure: 1. Think about and explain the emotional tone of the text 2. Think about and explain the context of the text 3. Based on tone and context, classify the text into one of the four categories: 0 (negative), 1 (positive), 2 (no_impact), 3 (mixed)",1
in monumental pomp! no grecian drop,"Text:in monumental pomp! no grecian drop
Solution Structure: 1. Think about and explain the emotional tone of the text 2. Think about and explain the context of the text 3. Based on tone and context, classify the text into one of the four categories: 0 (negative), 1 (positive), 2 (no_impact), 3 (mixed)",1
o graves of men who lived and died,"Text:o graves of men who lived and died
Solution Structure: 1. Think about and explain the emotional tone of the text 2. Think about and explain the context of the text 3. Based on tone and context, classify the text into one of the four categories: 0 (negative), 1 (positive), 2 (no_impact), 3 (mixed)",1
whilst this....,"Text:whilst this....
Solution Structure: 1. Think about and explain the emotional tone of the text 2. Think about and explain the context of the text 3. Based on tone and context, classify the text into one of the four categories: 0 (negative), 1 (positive), 2 (no_impact), 3 (mixed)",1
honour to the old bow-string!,"Text:honour to the old bow-string!
Solution Structure: 1. Think about and explain the emotional tone of the text 2. Think about and explain the context of the text 3. Based on tone and context, classify the text into one of the four categories: 0 (negative), 1 (positive), 2 (no_impact), 3 (mixed)",1
"how nature to the soul is moored,","Text:how nature to the soul is moored,
Solution Structure: 1. Think about and explain the emotional tone of the text 2. Think about and explain the context of the text 3. Based on tone and context, classify the text into one of the four categories: 0 (negative), 1 (positive), 2 (no_impact), 3 (mixed)",1
"with its chang'd countenance, is sent away","Text:with its chang'd countenance, is sent away
Solution Structure: 1. Think about and explain the emotional tone of the text 2. Think about and explain the context of the text 3. Based on tone and context, classify the text into one of the four categories: 0 (negative), 1 (positive), 2 (no_impact), 3 (mixed)",1
"""who's we?--some stockholders in boston?","Text:""who's we?--some stockholders in boston?
Solution Structure: 1. Think about and explain the emotional tone of the text 2. Think about and explain the context of the text 3. Based on tone and context, classify the text into one of the four categories: 0 (negative), 1 (positive), 2 (no_impact), 3 (mixed)",1
"men said, into a smile which guile portended,","Text:men said, into a smile which guile portended,
Solution Structure: 1. Think about and explain the emotional tone of the text 2. Think about and explain the context of the text 3. Based on tone and context, classify the text into one of the four categories: 0 (negative), 1 (positive), 2 (no_impact), 3 (mixed)",1
playmates' glad symphony.,"Text:playmates' glad symphony.
Solution Structure: 1. Think about and explain the emotional tone of the text 2. Think about and explain the context of the text 3. Based on tone and context, classify the text into one of the four categories: 0 (negative), 1 (positive), 2 (no_impact), 3 (mixed)",1
as childhood's sweet delight.,"Text:as childhood's sweet delight.
Solution Structure: 1. Think about and explain the emotional tone of the text 2. Think about and explain the context of the text 3. Based on tone and context, classify the text into one of the four categories: 0 (negative), 1 (positive), 2 (no_impact), 3 (mixed)",1
"darling, the merciful father","Text:darling, the merciful father
Solution Structure: 1. Think about and explain the emotional tone of the text 2. Think about and explain the context of the text 3. Based on tone and context, classify the text into one of the four categories: 0 (negative), 1 (positive), 2 (no_impact), 3 (mixed)",1
"what gods, what madness, hither steer’d your course?","Text:what gods, what madness, hither steer’d your course?
Solution Structure: 1. Think about and explain the emotional tone of the text 2. Think about and explain the context of the text 3. Based on tone and context, classify the text into one of the four categories: 0 (negative), 1 (positive), 2 (no_impact), 3 (mixed)",negative
"from the bed of minnehaha,","Text:from the bed of minnehaha,
Solution Structure: 1. Think about and explain the emotional tone of the text 2. Think about and explain the context of the text 3. Based on tone and context, classify the text into one of the four categories: 0 (negative), 1 (positive), 2 (no_impact), 3 (mixed)",1
my prayer away i threw;,"Text:my prayer away i threw;
Solution Structure: 1. Think about and explain the emotional tone of the text 2. Think about and explain the context of the text 3. Based on tone and context, classify the text into one of the four categories: 0 (negative), 1 (positive), 2 (no_impact), 3 (mixed)",1
when high i heap it with the weed,"Text:when high i heap it with the weed
Solution Structure: 1. Think about and explain the emotional tone of the text 2. Think about and explain the context of the text 3. Based on tone and context, classify the text into one of the four categories: 0 (negative), 1 (positive), 2 (no_impact), 3 (mixed)",1
"gnossian his shafts, and lycian was his bow:","Text:gnossian his shafts, and lycian was his bow:
Solution Structure: 1. Think about and explain the emotional tone of the text 2. Think about and explain the context of the text 3. Based on tone and context, classify the text into one of the four categories: 0 (negative), 1 (positive), 2 (no_impact), 3 (mixed)",1
with which his house is haunted;,"Text:with which his house is haunted;
Solution Structure: 1. Think about and explain the emotional tone of the text 2. Think about and explain the context of the text 3. Based on tone and context, classify the text into one of the four categories: 0 (negative), 1 (positive), 2 (no_impact), 3 (mixed)",1
case dey nevah tech a drouf.,"Text:case dey nevah tech a drouf.
Solution Structure: 1. Think about and explain the emotional tone of the text 2. Think about and explain the context of the text 3. Based on tone and context, classify the text into one of the four categories: 0 (negative), 1 (positive), 2 (no_impact), 3 (mixed)",1
"we're perishing and blind!""","Text:we're perishing and blind!""
Solution Structure: 1. Think about and explain the emotional tone of the text 2. Think about and explain the context of the text 3. Based on tone and context, classify the text into one of the four categories: 0 (negative), 1 (positive), 2 (no_impact), 3 (mixed)",1
"sparked a ruby through its heart,","Text:sparked a ruby through its heart,
Solution Structure: 1. Think about and explain the emotional tone of the text 2. Think about and explain the context of the text 3. Based on tone and context, classify the text into one of the four categories: 0 (negative), 1 (positive), 2 (no_impact), 3 (mixed)",1
"such days as thou, not even thou didst know,","Text:such days as thou, not even thou didst know,
Solution Structure: 1. Think about and explain the emotional tone of the text 2. Think about and explain the context of the text 3. Based on tone and context, classify the text into one of the four categories: 0 (negative), 1 (positive), 2 (no_impact), 3 (mixed)",1
"and say, ‘fie, pale-face! are you english girls","Text:and say, ‘fie, pale-face! are you english girls
Solution Structure: 1. Think about and explain the emotional tone of the text 2. Think about and explain the context of the text 3. Based on tone and context, classify the text into one of the four categories: 0 (negative), 1 (positive), 2 (no_impact), 3 (mixed)",1
"and thus each tint or shade which falls,","Text:and thus each tint or shade which falls,
Solution Structure: 1. Think about and explain the emotional tone of the text 2. Think about and explain the context of the text 3. Based on tone and context, classify the text into one of the four categories: 0 (negative), 1 (positive), 2 (no_impact), 3 (mixed)",1
"when thou hadst overcome the sharpness of death, thou didst open the kingdom of heaven to all believers.","Text:when thou hadst overcome the sharpness of death, thou didst open the kingdom of heaven to all believers.
Solution Structure: 1. Think about and explain the emotional tone of the text 2. Think about and explain the context of the text 3. Based on tone and context, classify the text into one of the four categories: 0 (negative), 1 (positive), 2 (no_impact), 3 (mixed)",1
then to tell.,"Text:then to tell.
Solution Structure: 1. Think about and explain the emotional tone of the text 2. Think about and explain the context of the text 3. Based on tone and context, classify the text into one of the four categories: 0 (negative), 1 (positive), 2 (no_impact), 3 (mixed)",1
"his song, though very sweet, was low and faint,","Text:his song, though very sweet, was low and faint,
Solution Structure: 1. Think about and explain the emotional tone of the text 2. Think about and explain the context of the text 3. Based on tone and context, classify the text into one of the four categories: 0 (negative), 1 (positive), 2 (no_impact), 3 (mixed)",1
yon creamy lily for their pavilion,"Text:yon creamy lily for their pavilion
Solution Structure: 1. Think about and explain the emotional tone of the text 2. Think about and explain the context of the text 3. Based on tone and context, classify the text into one of the four categories: 0 (negative), 1 (positive), 2 (no_impact), 3 (mixed)",3
"behind the sea-wall's rugged length,","Text:behind the sea-wall's rugged length,
Solution Structure: 1. Think about and explain the emotional tone of the text 2. Think about and explain the context of the text 3. Based on tone and context, classify the text into one of the four categories: 0 (negative), 1 (positive), 2 (no_impact), 3 (mixed)",1
the wondering rabbi sought the temple's gate.,"Text:the wondering rabbi sought the temple's gate.
Solution Structure: 1. Think about and explain the emotional tone of the text 2. Think about and explain the context of the text 3. Based on tone and context, classify the text into one of the four categories: 0 (negative), 1 (positive), 2 (no_impact), 3 (mixed)",1
midway the floor (with thatch was it strewn) burned ever the fire-flame,"Text:midway the floor (with thatch was it strewn) burned ever the fire-flame
Solution Structure: 1. Think about and explain the emotional tone of the text 2. Think about and explain the context of the text 3. Based on tone and context, classify the text into one of the four categories: 0 (negative), 1 (positive), 2 (no_impact), 3 (mixed)",1
even now eclipses the descending moon!--,"Text:even now eclipses the descending moon!--
Solution Structure: 1. Think about and explain the emotional tone of the text 2. Think about and explain the context of the text 3. Based on tone and context, classify the text into one of the four categories: 0 (negative), 1 (positive), 2 (no_impact), 3 (mixed)",1
shall live my highland mary.,"Text:shall live my highland mary.
Solution Structure: 1. Think about and explain the emotional tone of the text 2. Think about and explain the context of the text 3. Based on tone and context, classify the text into one of the four categories: 0 (negative), 1 (positive), 2 (no_impact), 3 (mixed)",1
but still within my bosom's core,"Text:but still within my bosom's core
Solution Structure: 1. Think about and explain the emotional tone of the text 2. Think about and explain the context of the text 3. Based on tone and context, classify the text into one of the four categories: 0 (negative), 1 (positive), 2 (no_impact), 3 (mixed)",1
"""he!  patron!","Text:""he!  patron!
Solution Structure: 1. Think about and explain the emotional tone of the text 2. Think about and explain the context of the text 3. Based on tone and context, classify the text into one of the four categories: 0 (negative), 1 (positive), 2 (no_impact), 3 (mixed)",1
"at last, outbound from tunis,","Text:at last, outbound from tunis,
Solution Structure: 1. Think about and explain the emotional tone of the text 2. Think about and explain the context of the text 3. Based on tone and context, classify the text into one of the four categories: 0 (negative), 1 (positive), 2 (no_impact), 3 (mixed)",1
when blighting was nearest.,"Text:when blighting was nearest.
Solution Structure: 1. Think about and explain the emotional tone of the text 2. Think about and explain the context of the text 3. Based on tone and context, classify the text into one of the four categories: 0 (negative), 1 (positive), 2 (no_impact), 3 (mixed)",1
"miles off, three dangerous miles, is home;","Text:miles off, three dangerous miles, is home;
Solution Structure: 1. Think about and explain the emotional tone of the text 2. Think about and explain the context of the text 3. Based on tone and context, classify the text into one of the four categories: 0 (negative), 1 (positive), 2 (no_impact), 3 (mixed)",1
"i see two boats with nets, lying off the shore of paumanok, quite still;","Text:i see two boats with nets, lying off the shore of paumanok, quite still;
Solution Structure: 1. Think about and explain the emotional tone of the text 2. Think about and explain the context of the text 3. Based on tone and context, classify the text into one of the four categories: 0 (negative), 1 (positive), 2 (no_impact), 3 (mixed)",1
"the play is done,--the curtain drops,","Text:the play is done,--the curtain drops,
Solution Structure: 1. Think about and explain the emotional tone of the text 2. Think about and explain the context of the text 3. Based on tone and context, classify the text into one of the four categories: 0 (negative), 1 (positive), 2 (no_impact), 3 (mixed)",1
"but o, nevermore can we prison him tight.","Text:but o, nevermore can we prison him tight.
Solution Structure: 1. Think about and explain the emotional tone of the text 2. Think about and explain the context of the text 3. Based on tone and context, classify the text into one of the four categories: 0 (negative), 1 (positive), 2 (no_impact), 3 (mixed)",1
if the pure and holy angels,"Text:if the pure and holy angels
Solution Structure: 1. Think about and explain the emotional tone of the text 2. Think about and explain the context of the text 3. Based on tone and context, classify the text into one of the four categories: 0 (negative), 1 (positive), 2 (no_impact), 3 (mixed)",1
endymion would have passed across the mead,"Text:endymion would have passed across the mead
Solution Structure: 1. Think about and explain the emotional tone of the text 2. Think about and explain the context of the text 3. Based on tone and context, classify the text into one of the four categories: 0 (negative), 1 (positive), 2 (no_impact), 3 (mixed)",1
to me that time did not appeire:,"Text:to me that time did not appeire:
Solution Structure: 1. Think about and explain the emotional tone of the text 2. Think about and explain the context of the text 3. Based on tone and context, classify the text into one of the four categories: 0 (negative), 1 (positive), 2 (no_impact), 3 (mixed)",negative
which clanged along the mountain's marble brow--,"Text:which clanged along the mountain's marble brow--
Solution Structure: 1. Think about and explain the emotional tone of the text 2. Think about and explain the context of the text 3. Based on tone and context, classify the text into one of the four categories: 0 (negative), 1 (positive), 2 (no_impact), 3 (mixed)",1
their country free and joyous--,"Text:their country free and joyous--
Solution Structure: 1. Think about and explain the emotional tone of the text 2. Think about and explain the context of the text 3. Based on tone and context, classify the text into one of the four categories: 0 (negative), 1 (positive), 2 (no_impact), 3 (mixed)",positive
"let sophists give the lie, hearts droop, and courtiers play the worm,","Text:let sophists give the lie, hearts droop, and courtiers play the worm,
Solution Structure: 1. Think about and explain the emotional tone of the text 2. Think about and explain the context of the text 3. Based on tone and context, classify the text into one of the four categories: 0 (negative), 1 (positive), 2 (no_impact), 3 (mixed)",1
low in supplication bending.,"Text:low in supplication bending.
Solution Structure: 1. Think about and explain the emotional tone of the text 2. Think about and explain the context of the text 3. Based on tone and context, classify the text into one of the four categories: 0 (negative), 1 (positive), 2 (no_impact), 3 (mixed)",1
since ferdinand and you begun,"Text:since ferdinand and you begun
Solution Structure: 1. Think about and explain the emotional tone of the text 2. Think about and explain the context of the text 3. Based on tone and context, classify the text into one of the four categories: 0 (negative), 1 (positive), 2 (no_impact), 3 (mixed)",1
less often man--the harder of the two.,"Text:less often man--the harder of the two.
Solution Structure: 1. Think about and explain the emotional tone of the text 2. Think about and explain the context of the text 3. Based on tone and context, classify the text into one of the four categories: 0 (negative), 1 (positive), 2 (no_impact), 3 (mixed)",1
"to wakeful frenzy's vigil--rages,","Text:to wakeful frenzy's vigil--rages,
Solution Structure: 1. Think about and explain the emotional tone of the text 2. Think about and explain the context of the text 3. Based on tone and context, classify the text into one of the four categories: 0 (negative), 1 (positive), 2 (no_impact), 3 (mixed)",1
our wavering apparitions pass,"Text:our wavering apparitions pass
Solution Structure: 1. Think about and explain the emotional tone of the text 2. Think about and explain the context of the text 3. Based on tone and context, classify the text into one of the four categories: 0 (negative), 1 (positive), 2 (no_impact), 3 (mixed)",1
"and brief related whom they brought, wher found,","Text:and brief related whom they brought, wher found,
Solution Structure: 1. Think about and explain the emotional tone of the text 2. Think about and explain the context of the text 3. Based on tone and context, classify the text into one of the four categories: 0 (negative), 1 (positive), 2 (no_impact), 3 (mixed)",1
the pyramids have risen.,"Text:the pyramids have risen.
Solution Structure: 1. Think about and explain the emotional tone of the text 2. Think about and explain the context of the text 3. Based on tone and context, classify the text into one of the four categories: 0 (negative), 1 (positive), 2 (no_impact), 3 (mixed)",1
"all autumn pil'd, though spring and autumn here","Text:all autumn pil'd, though spring and autumn here
Solution Structure: 1. Think about and explain the emotional tone of the text 2. Think about and explain the context of the text 3. Based on tone and context, classify the text into one of the four categories: 0 (negative), 1 (positive), 2 (no_impact), 3 (mixed)",1
thy mission to a world of woe.,"Text:thy mission to a world of woe.
Solution Structure: 1. Think about and explain the emotional tone of the text 2. Think about and explain the context of the text 3. Based on tone and context, classify the text into one of the four categories: 0 (negative), 1 (positive), 2 (no_impact), 3 (mixed)",1
the climax of those hopes and duties dear,"Text:the climax of those hopes and duties dear
Solution Structure: 1. Think about and explain the emotional tone of the text 2. Think about and explain the context of the text 3. Based on tone and context, classify the text into one of the four categories: 0 (negative), 1 (positive), 2 (no_impact), 3 (mixed)",1
"ambrosial odours and ambrosial flowers,","Text:ambrosial odours and ambrosial flowers,
Solution Structure: 1. Think about and explain the emotional tone of the text 2. Think about and explain the context of the text 3. Based on tone and context, classify the text into one of the four categories: 0 (negative), 1 (positive), 2 (no_impact), 3 (mixed)",1
i lay and watched the lonely gloom;,"Text:i lay and watched the lonely gloom;
Solution Structure: 1. Think about and explain the emotional tone of the text 2. Think about and explain the context of the text 3. Based on tone and context, classify the text into one of the four categories: 0 (negative), 1 (positive), 2 (no_impact), 3 (mixed)",1
of brynhilda's love and the wrath of gudrun.,"Text:of brynhilda's love and the wrath of gudrun.
Solution Structure: 1. Think about and explain the emotional tone of the text 2. Think about and explain the context of the text 3. Based on tone and context, classify the text into one of the four categories: 0 (negative), 1 (positive), 2 (no_impact), 3 (mixed)",1
in their archetypes endure.,"Text:in their archetypes endure.
Solution Structure: 1. Think about and explain the emotional tone of the text 2. Think about and explain the context of the text 3. Based on tone and context, classify the text into one of the four categories: 0 (negative), 1 (positive), 2 (no_impact), 3 (mixed)",1
"and wit, like ocean, rose and fell?--","Text:and wit, like ocean, rose and fell?--
Solution Structure: 1. Think about and explain the emotional tone of the text 2. Think about and explain the context of the text 3. Based on tone and context, classify the text into one of the four categories: 0 (negative), 1 (positive), 2 (no_impact), 3 (mixed)",1
"on that shaded day,","Text:on that shaded day,
Solution Structure: 1. Think about and explain the emotional tone of the text 2. Think about and explain the context of the text 3. Based on tone and context, classify the text into one of the four categories: 0 (negative), 1 (positive), 2 (no_impact), 3 (mixed)",1
troubling with life the waters of the world.,"Text:troubling with life the waters of the world.
Solution Structure: 1. Think about and explain the emotional tone of the text 2. Think about and explain the context of the text 3. Based on tone and context, classify the text into one of the four categories: 0 (negative), 1 (positive), 2 (no_impact), 3 (mixed)",1
"the second signal sounds, the troop divides","Text:the second signal sounds, the troop divides
Solution Structure: 1. Think about and explain the emotional tone of the text 2. Think about and explain the context of the text 3. Based on tone and context, classify the text into one of the four categories: 0 (negative), 1 (positive), 2 (no_impact), 3 (mixed)",1
"i see the thing as clear as light,--","Text:i see the thing as clear as light,--
Solution Structure: 1. Think about and explain the emotional tone of the text 2. Think about and explain the context of the text 3. Based on tone and context, classify the text into one of the four categories: 0 (negative), 1 (positive), 2 (no_impact), 3 (mixed)",1
an' see a hundred hills like islan's,"Text:an' see a hundred hills like islan's
Solution Structure: 1. Think about and explain the emotional tone of the text 2. Think about and explain the context of the text 3. Based on tone and context, classify the text into one of the four categories: 0 (negative), 1 (positive), 2 (no_impact), 3 (mixed)",1
"thus while the trojan prince employs his eyes,","Text:thus while the trojan prince employs his eyes,
Solution Structure: 1. Think about and explain the emotional tone of the text 2. Think about and explain the context of the text 3. Based on tone and context, classify the text into one of the four categories: 0 (negative), 1 (positive), 2 (no_impact), 3 (mixed)",1
the life of love that gave it--settles.,"Text:the life of love that gave it--settles.
Solution Structure: 1. Think about and explain the emotional tone of the text 2. Think about and explain the context of the text 3. Based on tone and context, classify the text into one of the four categories: 0 (negative), 1 (positive), 2 (no_impact), 3 (mixed)",negative
"now betimes on a morning of summer that giuki's daughter arose,","Text:now betimes on a morning of summer that giuki's daughter arose,
Solution Structure: 1. Think about and explain the emotional tone of the text 2. Think about and explain the context of the text 3. Based on tone and context, classify the text into one of the four categories: 0 (negative), 1 (positive), 2 (no_impact), 3 (mixed)",1
"from kindling spark struck out from dead king's brow,","Text:from kindling spark struck out from dead king's brow,
Solution Structure: 1. Think about and explain the emotional tone of the text 2. Think about and explain the context of the text 3. Based on tone and context, classify the text into one of the four categories: 0 (negative), 1 (positive), 2 (no_impact), 3 (mixed)",1
"who the man, who, called a brother.","Text:who the man, who, called a brother.
Solution Structure: 1. Think about and explain the emotional tone of the text 2. Think about and explain the context of the text 3. Based on tone and context, classify the text into one of the four categories: 0 (negative), 1 (positive), 2 (no_impact), 3 (mixed)",1
"for the whole cardinals' college, or","Text:for the whole cardinals' college, or
Solution Structure: 1. Think about and explain the emotional tone of the text 2. Think about and explain the context of the text 3. Based on tone and context, classify the text into one of the four categories: 0 (negative), 1 (positive), 2 (no_impact), 3 (mixed)",1
"god prosper long our noble king,","Text:god prosper long our noble king,
Solution Structure: 1. Think about and explain the emotional tone of the text 2. Think about and explain the context of the text 3. Based on tone and context, classify the text into one of the four categories: 0 (negative), 1 (positive), 2 (no_impact), 3 (mixed)",1
"thou too art victor, rochambeau!","Text:thou too art victor, rochambeau!
Solution Structure: 1. Think about and explain the emotional tone of the text 2. Think about and explain the context of the text 3. Based on tone and context, classify the text into one of the four categories: 0 (negative), 1 (positive), 2 (no_impact), 3 (mixed)",1
"the meadows mine, the mountains mine, --","Text:the meadows mine, the mountains mine, --
Solution Structure: 1. Think about and explain the emotional tone of the text 2. Think about and explain the context of the text 3. Based on tone and context, classify the text into one of the four categories: 0 (negative), 1 (positive), 2 (no_impact), 3 (mixed)",1
time never did assuage;,"Text:time never did assuage;
Solution Structure: 1. Think about and explain the emotional tone of the text 2. Think about and explain the context of the text 3. Based on tone and context, classify the text into one of the four categories: 0 (negative), 1 (positive), 2 (no_impact), 3 (mixed)",1
"and match, and bend, and thorough-blend, in her colossal form and face.","Text:and match, and bend, and thorough-blend, in her colossal form and face.
Solution Structure: 1. Think about and explain the emotional tone of the text 2. Think about and explain the context of the text 3. Based on tone and context, classify the text into one of the four categories: 0 (negative), 1 (positive), 2 (no_impact), 3 (mixed)",1
what flecks the outer gray beyond,"Text:what flecks the outer gray beyond
Solution Structure: 1. Think about and explain the emotional tone of the text 2. Think about and explain the context of the text 3. Based on tone and context, classify the text into one of the four categories: 0 (negative), 1 (positive), 2 (no_impact), 3 (mixed)",negative
three trojans tug at ev’ry lab’ring oar;,"Text:three trojans tug at ev’ry lab’ring oar;
Solution Structure: 1. Think about and explain the emotional tone of the text 2. Think about and explain the context of the text 3. Based on tone and context, classify the text into one of the four categories: 0 (negative), 1 (positive), 2 (no_impact), 3 (mixed)",1
"where holds the soul communion with its god,","Text:where holds the soul communion with its god,
Solution Structure: 1. Think about and explain the emotional tone of the text 2. Think about and explain the context of the text 3. Based on tone and context, classify the text into one of the four categories: 0 (negative), 1 (positive), 2 (no_impact), 3 (mixed)",1
then he stripped the shirt of wampum,"Text:then he stripped the shirt of wampum
Solution Structure: 1. Think about and explain the emotional tone of the text 2. Think about and explain the context of the text 3. Based on tone and context, classify the text into one of the four categories: 0 (negative), 1 (positive), 2 (no_impact), 3 (mixed)",1
wid a song up on de way.,"Text:wid a song up on de way.
Solution Structure: 1. Think about and explain the emotional tone of the text 2. Think about and explain the context of the text 3. Based on tone and context, classify the text into one of the four categories: 0 (negative), 1 (positive), 2 (no_impact), 3 (mixed)",1
willis sneered:,"Text:willis sneered:
Solution Structure: 1. Think about and explain the emotional tone of the text 2. Think about and explain the context of the text 3. Based on tone and context, classify the text into one of the four categories: 0 (negative), 1 (positive), 2 (no_impact), 3 (mixed)",1
"till, fur 'z i know, there aint an inch thet i could lay my han' on,","Text:till, fur 'z i know, there aint an inch thet i could lay my han' on,
Solution Structure: 1. Think about and explain the emotional tone of the text 2. Think about and explain the context of the text 3. Based on tone and context, classify the text into one of the four categories: 0 (negative), 1 (positive), 2 (no_impact), 3 (mixed)",1
"apple-blossoms pink, and low","Text:apple-blossoms pink, and low
Solution Structure: 1. Think about and explain the emotional tone of the text 2. Think about and explain the context of the text 3. Based on tone and context, classify the text into one of the four categories: 0 (negative), 1 (positive), 2 (no_impact), 3 (mixed)",1
"far from the woods where, when the sun has set,","Text:far from the woods where, when the sun has set,
Solution Structure: 1. Think about and explain the emotional tone of the text 2. Think about and explain the context of the text 3. Based on tone and context, classify the text into one of the four categories: 0 (negative), 1 (positive), 2 (no_impact), 3 (mixed)",1
"thither, if but to prie, shall be perhaps","Text:thither, if but to prie, shall be perhaps
Solution Structure: 1. Think about and explain the emotional tone of the text 2. Think about and explain the context of the text 3. Based on tone and context, classify the text into one of the four categories: 0 (negative), 1 (positive), 2 (no_impact), 3 (mixed)",1
"in order, though to nations yet unborn,","Text:in order, though to nations yet unborn,
Solution Structure: 1. Think about and explain the emotional tone of the text 2. Think about and explain the context of the text 3. Based on tone and context, classify the text into one of the four categories: 0 (negative), 1 (positive), 2 (no_impact), 3 (mixed)",1
she listening sate.,"Text:she listening sate.
Solution Structure: 1. Think about and explain the emotional tone of the text 2. Think about and explain the context of the text 3. Based on tone and context, classify the text into one of the four categories: 0 (negative), 1 (positive), 2 (no_impact), 3 (mixed)",1
"may george, beloved by all the nations round,","Text:may george, beloved by all the nations round,
Solution Structure: 1. Think about and explain the emotional tone of the text 2. Think about and explain the context of the text 3. Based on tone and context, classify the text into one of the four categories: 0 (negative), 1 (positive), 2 (no_impact), 3 (mixed)",1
"nathless, as hath been often tried,","Text:nathless, as hath been often tried,
Solution Structure: 1. Think about and explain the emotional tone of the text 2. Think about and explain the context of the text 3. Based on tone and context, classify the text into one of the four categories: 0 (negative), 1 (positive), 2 (no_impact), 3 (mixed)",1
lowly and soft she said it; but spake out louder now:,"Text:lowly and soft she said it; but spake out louder now:
Solution Structure: 1. Think about and explain the emotional tone of the text 2. Think about and explain the context of the text 3. Based on tone and context, classify the text into one of the four categories: 0 (negative), 1 (positive), 2 (no_impact), 3 (mixed)",1
"on which an army once did feast,","Text:on which an army once did feast,
Solution Structure: 1. Think about and explain the emotional tone of the text 2. Think about and explain the context of the text 3. Based on tone and context, classify the text into one of the four categories: 0 (negative), 1 (positive), 2 (no_impact), 3 (mixed)",1
yet was this period my time of joy:,"Text:yet was this period my time of joy:
Solution Structure: 1. Think about and explain the emotional tone of the text 2. Think about and explain the context of the text 3. Based on tone and context, classify the text into one of the four categories: 0 (negative), 1 (positive), 2 (no_impact), 3 (mixed)",1
"to sunset they would sip of the tea, drink of the beer, and eat of the","Text:to sunset they would sip of the tea, drink of the beer, and eat of the
Solution Structure: 1. Think about and explain the emotional tone of the text 2. Think about and explain the context of the text 3. Based on tone and context, classify the text into one of the four categories: 0 (negative), 1 (positive), 2 (no_impact), 3 (mixed)",1
who god possesseth,"Text:who god possesseth
Solution Structure: 1. Think about and explain the emotional tone of the text 2. Think about and explain the context of the text 3. Based on tone and context, classify the text into one of the four categories: 0 (negative), 1 (positive), 2 (no_impact), 3 (mixed)",1
glad on its stone-built hearth; and thorough the wide-mouthed smoke-flue,"Text:glad on its stone-built hearth; and thorough the wide-mouthed smoke-flue
Solution Structure: 1. Think about and explain the emotional tone of the text 2. Think about and explain the context of the text 3. Based on tone and context, classify the text into one of the four categories: 0 (negative), 1 (positive), 2 (no_impact), 3 (mixed)",1
"else, suffer’d, it will set the heart on fire,","Text:else, suffer’d, it will set the heart on fire,
Solution Structure: 1. Think about and explain the emotional tone of the text 2. Think about and explain the context of the text 3. Based on tone and context, classify the text into one of the four categories: 0 (negative), 1 (positive), 2 (no_impact), 3 (mixed)",1
his silent sandals swept the mossy green;,"Text:his silent sandals swept the mossy green;
Solution Structure: 1. Think about and explain the emotional tone of the text 2. Think about and explain the context of the text 3. Based on tone and context, classify the text into one of the four categories: 0 (negative), 1 (positive), 2 (no_impact), 3 (mixed)",1
which goaded him in his distress,"Text:which goaded him in his distress
Solution Structure: 1. Think about and explain the emotional tone of the text 2. Think about and explain the context of the text 3. Based on tone and context, classify the text into one of the four categories: 0 (negative), 1 (positive), 2 (no_impact), 3 (mixed)",negative
none will forget it till shall fall the deadly dart!,"Text:none will forget it till shall fall the deadly dart!
Solution Structure: 1. Think about and explain the emotional tone of the text 2. Think about and explain the context of the text 3. Based on tone and context, classify the text into one of the four categories: 0 (negative), 1 (positive), 2 (no_impact), 3 (mixed)",1
